url,title,meta_description,text_content,classification
Domain,No Title,No Description,,Based on the provided information, the website does not have a title, description, or any specific text content that could indicate its purpose or category. Therefore, it cannot be confidently classified into either of the given categories. However, if forced to make a choice based solely on the absence of defined content, it would lean towards category 2: News/media/pure blog sites, as these often have minimal initial content or might be under development.
opencart.com,OpenCart - Open Source Shopping Cart Solution,A free shopping cart system. OpenCart is an open source PHP-based online e-commerce solution.,Features Demo Marketplace Blog Download Resources 

Showcase
Contact Us
OpenCart Partners
Community Forums
Facebook Community
OpenCart Documentation
OpenCart Books
Github Bug Tracker
Developer Showcase Contact Us OpenCart Partners Community Forums Facebook Community OpenCart Documentation OpenCart Books Github Bug Tracker Developer Login Register The best FREE and open-source eCommerce platform Everything you need to create, scale and run your business Signup for Opencart Cloud
Free Download
Vie,This website would best be classified into category 1: SaaS/Websites with an actual business behind them. It is promoting an open-source e-commerce solution, indicating that it provides a service and resources for creating online businesses.
flippingbook.com,None,None,None,None
mykajabi.com,No Title,No Description,,Based on the information provided (no title, no description, and only text content indicating it's a generic entry), it is difficult to determine the specific nature of the website. However, the lack of any identifiable content suggests it does not fall into the category of established businesses or informational media. 

Given this context, the website would best fit into:

**2. News/media/pure blog sites** 

This classification assumes that the website might be a placeholder or non-functional site, as it lacks defining characteristics of a business.
nasdaq.com,None,None,None,None
wustl.edu,None,None,None,None
hostpapa.com,None,None,None,None
byu.edu,None,None,None,None
dynadot.com,None,None,None,None
livehelpnow.net,None,None,None,None
goodfirms.co,None,None,None,None
venngage.com,None,None,None,None
cyberpanel.net,None,None,None,None
tmcnet.com,None,None,None,None
pixpa.com,None,None,None,None
agilecrm.com,CRM Software | Customer Relationship Management System | Agile CRM,Agile CRM Software is the best, easy, powerful yet affordable Customer Relationship Management (CRM) with sales and marketing automation for small businesses.,Introducing Kong.ai - World's 1st Self-Training AI Bot SALES ¬†





Sales Essentials
360¬∞ Contact View
Contact Management
Calendar
Documents
Deals 
Inbox CRM 
Mobile CRM 
Integrations 
Collaboration
Team Chat
Email Client Software




Sales Enablement
Lead Scoring 
Appointment Scheduling
Gamification
Project Management
Lead Prospector
CRM Reporting
eDocs & Proposals
Document Signing Software
Email Finder




Telephony
Inbound CTI
Auto Dialer
Voicemail Drops 
Call Recording
Call Scripts
Post Call,1. SaaS/Websites with an actual business behind them
timify.com,None,None,None,None
hostadvice.com,HostAdvice - Grow and Manage Your Online Business,Experience the difference: Our expertise transforms websites into lucrative ventures, setting new standards for online success.,Hosting types    Web Hosting    Shared Hosting    WordPress Hosting¬†  Trendy     Cloud Hosting    VPS Hosting  Hot     Dedicated Servers    Cheap VPS  Popular     Reseller Hosting    Website Builders    Cheap Web Hosting    Offshore Hosting    See All Hosting Types Web Hosting Shared Hosting WordPress Hosting¬†  Trendy Cloud Hosting VPS Hosting  Hot Dedicated Servers Cheap VPS  Popular Reseller Hosting Website Builders Cheap Web Hosting Offshore Hosting See All Hosting Types Reviews    Hostinger ,This website fits into category 1: SaaS/Websites with an actual business behind them.
sortlist.com,Building Great Business Stories. - Sortlist,Discover the most relevant agencies for your project based on your own specific requirements.,ExploreDiscover and browse our entire catalog of service providers. Discover and browse our entire catalog of service providers. Post a projectPost a new project now and find service providers that best match your needs. Post a new project now and find service providers that best match your needs. Get AdviceOur industry experts help you choose the provider that suits you best. Free. Our industry experts help you choose the provider that suits you best. Free. Register as a providerDrive revenue l,1. SaaS/Websites with an actual business behind them
appsgeyser.com,Build your own app without code online - create any app without coding,Create and publish android apps. Easily create and publish your own unique apps, boosting your online presence and reaching your audience in no time. Start building your dream app today!,GET REAL TELEGRAM MEMBERS FOR YOUR CHANNEL GROUP FROM ANY COUNTRY! ü§ùü§ùü§ùORDER NOW No code App Maker Developing and monetizing your own mobile application has never been simpler. It is possible for anyone with a laptop, tablet, and browser to create, market, and develop native mobile apps with the help of AppsGeyser. With AppsGeyser, a powerful online app builder, you can produce dynamic apps without writing a single line of code. You can quickly make a mobile application by dragging and dropping c,1. SaaS/Websites with an actual business behind them
involve.me,involve.me | Create high-converting forms & surveys,Build multi-step AI forms & surveys for your website. Improve conversions & data collection. Use AI to automate creation, personalization & data analysis.,This website requires Javascript for some parts to function properly. Your experience may vary. Solutions
          
            







                      Use Cases
                    



                            Generate & Qualify Leads
                          



                            Offer Custom Price Quotes
                          



                            Recommend Products
                          



                            Create Sales Funnels
              ,This website falls into the category of **1. SaaS/Websites with an actual business behind them**.
surveysparrow.com,Online Surveys & Forms for Enhanced Customer Experience,SurveySparrow‚Äôs online survey tools and forms refine and enhance customer experiences with actionable insights. Be the brand customers love! Try for FREE today.,Products Products Features Features Solutions Solutions Resources Resources Pricing ENG ENG Login Sign Up Login Products Features Solutions Resources Pricing Pricing ENG Login Sign Up Login Login Sign Up Login Copyright ¬© SurveySparrow Inc. 2024Privacy Policy Terms of Service SurveySparrow Inc. ENG ENG ENG Listen actively.  Win customer love. Grow your brand. Turn every feedback into a growth opportunity for your brand through active engagement, smart insights, and timely actions. Signup for Fre,This website should be classified into category 1: SaaS/Websites with an actual business behind them.
usp.org,None,None,None,None
hubstaff.com,None,None,None,None
designhill.com,No Title,No Description,,Based on the information provided, which includes a lack of a title, description, or any specific content, it is impossible to confidently classify the website. However, since there is no indication of a business model or specific news/media context, and given that it appears to be minimal in content, I would categorize it as:

2. News/media/pure blog sites. 

This is a tentative classification due to the lack of detailed information.
cloudtalk.io,None,None,None,None
brafton.com,None,None,None,None
giosg.com,None,None,None,None
outgrow.co, The Best Quiz maker, calculator builder and chatbot creator for marketers,Outgrow is a tool for creating quizzes, assessments, surveys, polls, contests, chatbots, product recommendations & calculators that generate leads & traffic.,Why Outgrow keyboard_arrow_down


												Templates keyboard_arrow_down


												Resources keyboard_arrow_down

Assistant AI Pricing
											
videocam Watch Overview Video Why Interactive Content Increase Conversions Success Stories keyboard_arrow_down Increase ROI Features Increase Sales Acquire Leads  Search by Industry Ways to Embed Templates Calculators Recommendations Quiz Chatbots Assessments Surveys Giveaways/Contests Polls Forms Search by Industry Search by Content Type keybo,1. SaaS/Websites with an actual business behind them
shipbob.com,None,None,None,None
myvoffice.com,No Title,No Description,,Based on the provided information (No Title, No Description, No Text Content), it is not possible to definitively classify the website into one of the specified categories. The lack of any identifying information makes it unclear whether the site serves a business purpose (SaaS) or is more of a news or blog format. 

Thus, without additional context or content to analyze, it cannot be classified accurately.
ceu.edu,None,None,None,None
britishchambers.org.uk,None,None,None,None
softwaresuggest.com,SoftwareSuggest: Top Business Software Reviews and Recommendations,Discover 50k+ business software options. Read expert reviews, compare features, and get free recommendations. Find the right tool for your business.,Software Hub Service Hub Accounting & Finance Accounting Software Personal Finance Online Accounting Fixed Asset Accounting GST Software Billing & Invoicing Cloud Telephony Software Customer & Sales Management CRM Software Lead Management Order Management SFA Ecommerce Software Education & Campus Management School Management Campus Management System Library Management ERP Software Human Resource Management HR Software Payroll Software Payroll Outsourcing Attendance Management Time Management Tim,This website should be classified as category 1: SaaS/Websites with an actual business behind them. It focuses on providing business software reviews and recommendations, indicating an underlying service or product being offered.
accredible.com,None,None,None,None
hackerearth.com,None,None,None,None
xat.com,None,None,None,None
luisazhou.com,Luisa Zhou: Online Business Mentor,I‚Äôm Luisa Zhou, an online business mentor & teacher for new entrepreneurs. I'm here to help you start a coaching business and leave your 9-5.,About Products

Courses
Trainings Courses Trainings Coaching Done-For-You Media Blog About Products

Courses
Trainings Courses Trainings Coaching Done-For-You Media Blog Build your own business. Become who you're meant to be.   Find  your purpose. I truly believe anyone can build a Freedom BusinessTM: A massively profitable business that monetizes YOU ‚Äî your skills, knowledge, and experience ‚Äî while also providing you incredible Freedom. Of time, income, and impact. But you have to be willing to,This website can be classified as 1. SaaS/Websites with an actual business behind them.
educba.com,None,None,None,None
zonkafeedback.com,None,None,None,None
paltalk.com,None,None,None,None
hayward-pool.com,None,None,None,None
botsify.com,None,None,None,None
topdesignfirms.com,No Title,No Description,,Based on the information provided, the website does not have a title or a meta description, and the text content is empty. Therefore, it is not possible to classify the website into either of the categories provided as there is insufficient content or context to determine its purpose or function. 

However, if I must categorize it, I would lean towards **News/media/pure blog sites** due to the absence of any indication of a business model or service offered, which are typically present in SaaS websites. Nonetheless, this classification is very tentative due to the lack of information.
usersnap.com,None,None,None,None
wisdmlabs.com,None,None,None,None
logo.com,None,None,None,None
leadsbridge.com,Homepage - LeadsBridge | The reliable integration platform,LeadsBridge bridges the gaps of your Marketing & Advertising tools thanks to over +370 integrations with CRMs/Email Software.,Customer Support Log in Contact Us Why LeadsBridge?

Platform overview
Solutions by industry
Partners
Testimonials
Tailor-made solution
Zapier vs. LeadsBridge Platform overview Solutions by industry Partners Testimonials Tailor-made solution Zapier vs. LeadsBridge Integrations Pricing Resources

Blog
Webinars
Bridge Builder
Help center Blog Webinars Bridge Builder Help center Let Facebook, Google, LinkedIn and TikTok communicate with your CRM We are the partner of the best advertising platforms ,This website falls into the category: 1. SaaS/Websites with an actual business behind them.
clearout.io,None,None,None,None
notifyvisitors.com,Email and SMS Marketing for eCommerce Stores - Shopify | NotifyVisitors,One-stop platform to fulfil all email and SMS marketing needs. We offer a wide range of features for Shopify stores to reach the target audience., Schedule Demo Schedule Demo Login 







Sign Up 















Login 







SignUp 














Products  

 







Cross channel campaigns 




Email
SMS
Whatsapp
Web  Push
App Push
Audience Sync for Ads
Popups
 



AI Based Campaign Optimization 




Channel A/B Testing 
Control groups Analysis
Frequency Capping
 



Data Integration 





 	Track user data (Personal, demographic, transactional, engagement) from website, app, offline data, third party apps like CRM
 



Unified Profile,This website should be classified into category 1: SaaS/Websites with an actual business behind them.
proposify.com,Proposify - Proposal Software to Streamline Your Sales Process,Maximize efficiency with Proposify's proposal software. Get real-time insights, streamline sales, and close deals faster. Book your demo today!,,This website fits into category 1: SaaS/Websites with an actual business behind them.
smith.ai,Smith.ai 24/7 Live Receptionists, Outreach & Web Chat,Smith.ai combines AI and human intelligence to offer 24/7 customer engagement with live North America-based agents to capture and convert more leads.,Customer engagement powered by AI AI and humans Paving your path to growth Next generation AI + human-staffed web chat Solutions for all industries Learn more about Smith.ai Got it, thank you! Virtual Receptionists Outreach Campaigns Chat Plans & pricing How it works What we do Cities we serve Client reviews Case studies Lead screening & intake Appointment booking CRM integration Call recording & transcriptions Call intelligence & analytics Bilingual answering After-hours answering Payment colle,This website falls into category 1: SaaS/Websites with an actual business behind them.
cience.com,B2B Lead Generation Platform & Services | CIENCE,Ranked as the top B2B lead generation and GTM services firm, CIENCE grows your business through data, software, and services ‚Äî Learn more now!,Technology Content Syndication Direct Mail Sales Development


SERVICES






Outbound SDR

SDR-Team-as-a-Service with targeted multi-channel outreach and strategic sales playbooks.






Inbound SDR

Trained staff for responsive lead management and brand representation.






Data Solutions

Custom research and accurate data enrichment services. SERVICES






Outbound SDR

SDR-Team-as-a-Service with targeted multi-channel outreach and strategic sales playbooks.






Inbound SDR

Trained staff,This website should be classified as category 1: SaaS/Websites with an actual business behind them.
101.43.178.182, Domain For Sale,No Description,‰∏ªÈ°µ
ÁâπÁ∫ß
Á≤æÂìÅ
Â•ΩÂüü
‰∏çÈîô
ÂõõÂ£∞
.CN
ÂèåÊãº.com  DOMAIN LIST
HOW TO BUY
ABOUT US ÊïôÁ®ã:
ÈòøÈáå‰∫ë‰∫§Êòì
ËÅöÂêç‰∫§Êòì
ËÖæËÆØ‰∫ë‰∫§Êòì
escrow.com
Copyright ¬© 2021  All Rights Reserved.,This website can be classified as **1. SaaS/Websites with an actual business behind them**. It appears to be a domain sales site, offering domains for sale, and includes sections on how to buy domains through various platforms.
paperturn.com,Flipbook - Convert PDF into a stunning, online flipbook | PDF to flip,Convert any PDF into an awesome flipbook! Just upload your PDF to Paperturn and it will be transformed automatically. Click here to try it for free!,USA 


¬† USA¬† United Kingdom¬† Danmark¬† Sverige¬† France¬† Espa√±a¬† Deutschland¬† Global (English) USA United Kingdom Danmark Sverige France Espa√±a Deutschland Global (English) Log in Log in USA 


¬† USA¬† United Kingdom¬† Danmark¬† Sverige¬† France¬† Espa√±a¬† Deutschland¬† Global (English) USA United Kingdom Danmark Sverige France Espa√±a Deutschland Global (English) Examples 


Online CatalogseBook PublishingOnline MagazinesReal EstateOnline BrochuresDigital ReportsOnline User GuidesOnline School Brochures,This website can be classified as category 1: SaaS/Websites with an actual business behind them. It provides a service for converting PDFs into online flipbooks, indicating a software as a service model.
glideapps.com,No Code App Builder: Create Custom, AI-Powered Apps | Glide,Glide makes it easy to build and deploy powerful custom apps powered by AI with no code. Create your first app by trying Glide for free.,Solutions Platform Resources Pricing AI-powered no code apps Your business deserves modern software Glide helps businesses create custom tools for a faster, more efficient way to work‚Äîno coding required. Your tools should fit your business. Not vice versa. You‚Äôre stuck in spreadsheets Your operations rely on cumbersome spreadsheets that are hard to maintain. You‚Äôre tired of clunky software Your out-of-the-box tools have frustrating workarounds for your team and customers. Your workflows are disc,1. SaaS/Websites with an actual business behind them
kickresume.com,None,None,None,None
setupad.com,Website Monetization Platform for Ad Optimization | Setupad,Setupad is one of the best website monetization platforms to increase ad revenue. Superior client support and top SSPs. Monetize your traffic with us. Sign up!,For Publishers Setupad Header Bidding Wrapper Setupad Prebid Manage Account Setupad Prebid AdSense Setupad Prebid Setupad Prebid Self-Serve Setupad Prebid Adapter Setupad CMP Setupad WordPress Plugin Setupad Header Bidding Wrapper Setupad Prebid Manage Account Setupad Prebid AdSense Setupad Prebid Setupad Prebid Self-Serve Setupad Prebid Adapter Setupad CMP Setupad WordPress Plugin For Advertisers Resources Ad Formats Blog FAQ Case Studies Content Library Newsletter Ad Formats Blog FAQ Case Stud,1. SaaS/Websites with an actual business behind them
aicontentfy.com,AIContentfy - Content creation made effortless,Revolutionize your content creation process with our advanced AI with a fraction of your old content budget. High-quality articles generated automatically.,Product Services

Show submenu for Services




Link building


Human-optimized articles Link building Human-optimized articles Pricing Customers

Show submenu for Customers




Case studies


For agencies


Community


Free SEO tools Case studies For agencies Community Free SEO tools Blog Sign in Product Services

Show submenu for Services




Link building


Human-optimized articles Link building Human-optimized articles Pricing Customers

Show submenu for Customers




Case studies


For agen,Based on the provided information, this website falls into category 1: SaaS/Websites with an actual business behind them. It focuses on content creation using AI, offering services such as human-optimized articles and link building, which indicates a business model.
photoadking.com,Free Online Graphic Design Maker for Marketing - PhotoADKing,No Description,Log In Sign Up
Free Create







Graphic
Maker
Promo Video
Maker
Intro
Maker Graphic
Maker Promo Video
Maker Intro
Maker templates







Social Media







Facebook
Cover 
Facebook
Post
Instagram
Post
Instagram
Story
LinkedIn
Cover
Pinterest
Graphic
YouTube
Channel Art
YouTube
Thumbnail



Marketing







Flyer
Poster

Brochure

Business
Card
Gift
Certificate



Blogging







Infographic

E-Book

Blog
Graphic
Storyboard

Album
Cover 
Email
Header



Personal







Invitation

Resume
Bio-D,This website fits into category 1: SaaS/Websites with an actual business behind them.
corporatevision-news.com,None,None,None,None
lightspeedvt.com,Home - LightSpeed VT,The worlds best e learning platform is LightSpeed VT. Create a course and deliver your training on a complete system with exclusive in-video interactivity, and interact with one another in Community Chat. You can track, measure and monitor usage stats in real time and so much more. This is the next generation of e learning systems. Take a Free Tour, or get a 14 day free trial. Sign up today!,We value your privacy We use cookies to enhance your browsing experience, serve personalized ads or content, and analyze our traffic. By clicking "Accept All", you consent to our use of cookies. We use cookies to help you navigate efficiently and perform certain functions. You will find detailed information about all cookies under each consent category below. The cookies that are categorized as "Necessary" are stored on your browser as they are essential for enabling the basic functionalities of,This website should be classified as category 1: SaaS/Websites with an actual business behind them.
plytix.com,None,None,None,None
clicdata.com,Cloud Data Analytics & Data Management Platform | ClicData,Easily connect, transform and analyze data from any tool, database, files, or storage system. Build and publish custom data visualizations, dashboards & reports,Login Portuguese Fran√ßais Espa√±ol Platform 












Why ClicData? ¬† Overview Data Security Performance & Scalability White Label Embedded Analytics












Features ¬† Data Integration Data Management Machine Learning Data Visualization Data Collaboration Why ClicData? ¬† Overview Data Security Performance & Scalability White Label Embedded Analytics  Overview Data Security Performance & Scalability White Label Embedded Analytics Features ¬† Data Integration Data Management Machine Learning,1. SaaS/Websites with an actual business behind them
improvado.io,None,None,None,None
scalefusion.com,None,None,None,None
bcast.fm,None,None,None,None
3web.ne.jp,3Web | „Éó„É≠„Éê„Ç§„ÉÄ„Éº„Çµ„Éº„Éì„Çπ,„Éó„É≠„Éê„Ç§„ÉÄ„Éº„Äå3Web„Äç„Åß„Åô,,Based on the website title, meta description, and text content, this website can be classified into category 1: SaaS/Websites with an actual business behind them. It appears to offer provider services, indicating that there is a business component involved.
strongdm.com,StrongDM: Your Partner in Zero Trust Privileged Access,We make sure that the right people get access to the resources they need, exactly when they need them ‚Äî no more, no less.,Product

Product













Why StrongDM?
All things StrongDM.









How it works
It's not actual magic.










Reviews
Don't take our word for it.














We ‚ù§Ô∏è Your Stack
All the things we support.¬†










Pricing
All resources included.










Customers
Learn how we help. Why StrongDM?
All things StrongDM. Why StrongDM? All things StrongDM. How it works
It's not actual magic. How it works It's not actual magic. Reviews
Don't take our word for it. Reviews Don't take our wor,1. SaaS/Websites with an actual business behind them
shoeboxed.com,#1 Receipt Scanner App, Receipt Scanning Service - Shoeboxed,Join 1 million businesses using Shoeboxed's receipt scanner app & receipt scanning service. Turn your tax receipts into data & deductibles.,1 (888) 369-4269 Plans Features Case Studies Log In Get Started Today ‚ÄîPCMag ‚ÄîPCMag The #1 receipt scanner app loved by over a million businesses Receipt scanning app or receipt scanning service‚Äîyour choice. Simplify daily bookkeeping tasks WHO USES SHOEBOXED?

              Popular use cases for Shoeboxed Bookkeepers & accountants Peggy Miller President, eAccounting Office, Inc. Business owners & startups Logan Asbury Operations Manager at Loopflow.co Teams & organizations Tiffany Bowen Proprie,This website should be classified into category 1: SaaS/Websites with an actual business behind them.
chameleon.io,Chameleon | The Deepest Product Adoption Platform | Chameleon,In a world where user adoption drives revenue, Chameleon's software gives modern SaaS teams the most control, configuration, and customization to win with in-product UX.,"An easy-to-use product that has opened new doors for our team" Existing customer?
            
              Sign in More revenue, less churn, happier customers‚Äîwithout changing your product Let's get your team set up Invite teammates Import data Connect your bank How easy was it to send a payment? üò¨ üôÅ üòê üôÇ ü§© How easy was it to send a payment? How easy was it to send a payment? How easy was it to send a payment? How easy was it to send a payment? How easy was it to send a payment? üôè Thanks so mu,1. SaaS/Websites with an actual business behind them
breadcrumbs.io,None,None,None,None
apploye.com,#1 Time Tracker App & Software,Use Apploye, the best time tracking app & software for desk, mobile, and remote employees to track time across projects. Available across web, desktop & mobile.,,This website should be classified into category 1: SaaS/Websites with an actual business behind them.
trackwrestling.com,None,None,None,None
newbreedrevenue.com,None,None,None,None
weareplanet.com,None,None,None,None
bettermode.com,None,None,None,None
wearedevelopers.com,WeAreDevelopers - Developer Jobs & Event Platform,Create a free profile and get access to 5.000+ pre-vetted developer jobs in Europe and countless hours of developer talks & coding sessions.,WAD Home Page For Developers For Companies Events Watch Read  Login  Resources Dev Survey 2024 Blog Case Studies Salary Calculator For Developers
             
                Job Board
                 
                Company Board
                 
                Salary Calculator
                  Developer sign up Job Board Company Board Salary Calculator Developer sign up For Companies
             
                Developer Recruiting
                 
                Developer Marketing,This website should be classified as category 1: SaaS/Websites with an actual business behind them.
inbeat.co,None,None,None,None
auslogics.com,Trusted PC Optimization Software Provider Since 2008 ‚Äî Auslogics,Wondering how to make your computer run faster? Let Auslogics' PC experts show you the Best Software to increase PC speed safely and quickly!,All the Right Tools to Make Your PC Run Great! Get a cleaner, faster and more secure PC for you and your family Great Software to Cover  Your PC Needs Compact and fast defragmenter with over 29 million downloads worldwide! It will improve your PC's performance by defragmenting and re-arranging files on your disk. Windows 7,8,10,11 The best tool to safely and effectively clear invalid entries from your registry. Eliminate the most common causes of computer glitches and get your PC running smooth ,1. SaaS/Websites with an actual business behind them
techimply.com,Techimply - Business Software Marketplace,Techimply Helps Businesses to find Best Software and IT Firms. Find Worlds Best Software and IT Firms on Techimply. Get Expert Assistance from our expert.,Software Categories Service Categories Why Get Listed? Awards and badges Media Coverage Register your Software or Company Write for us Blog Terms of use Privacy Policy Contact Us Find The Most Suitable
Software & IT Company For Your Business Needs Recommendations of Top Software  Companies & their Services Techimply has helped more than 50000+ businesses to find the right IT service and Software providers. Software Categories Service Categories Accounting Software E-commerce Platforms GST Softwa,This website falls into category 1: SaaS/Websites with an actual business behind them.
earth-policy.org,None,None,None,None
aajjo.com,None,None,None,None
15navi.com,None,None,None,None
upmetrics.co,Upmetrics: Business Plan Software with Automated Financials,Upmetrics is a modern business planning software that helps entrepreneurs create winning business plans, accurate forecasts, and compelling pitch decks faster.,Features





AI ASSISTANTS

Upmetrics AI
Your go-to AI-powered business assistant



AI Writing Assist
Write, translate, and refine your text with AI



AI Financial Assist
Automated forecasts and AI recommendations

 


TOP FEATURES


AI Business Plan Generator
Create business plans faster with AI



Financial Forecasting
Make accurate financial forecasts faster

INTEGRATIONS


QuickBooks
Sync and compare with your QuickBooks data

 




Strategic Planning
Develop actionable strategic plans on,1. SaaS/Websites with an actual business behind them
1871.com,None,None,None,None
beomniscient.com,None,None,None,None
webgility.com,#1 QuickBooks Connector for Multichannel Online Sales | Webgility,Automate your ecommerce accounting and inventory - Powered by AI. 
Save 10+ hours per week on bookkeeping tasks. Keep your inventory accurate. Close your books with ease.,Blog Contact Us Support Customer Login

My Account
Webgility Online My Account Webgility Online Features

Data Sync
Accounting
Inventory Management
Reporting




Meet the new Webgility AI Assistant (Beta) Data Sync Accounting Inventory Management Reporting Integrations

Store

Shopify
BigCommerce
Magento
Wix
WooCommerce

Marketplaces

Amazon
eBay
Etsy
Walmart

POS

Clover POS
Lightspeed
Shopify POS
Square

Accounting/ERP

QuickBooks Online
QuickBooks Desktop




View Guided Product Tour


View a,This website falls into category 1: SaaS/Websites with an actual business behind them.
adoric.com,None,None,None,None
acecloudhosting.com,Ace Cloud Hosting - Best Cloud Hosting Solutions Provider,Get reliable cloud hosting solutions for accounting software at Ace Cloud Hosting. Trust us for seamless QuickBooks hosting and enhanced accessibility. Try now!,+1-855223-4887 Contact Us            Chat With Sales           Chat With Support           Call Us At   US IND UK CAN AUS  +1-855-223-4887 Chat With Sales           Chat With Support           Call Us At   US IND UK CAN AUS  +1-855-223-4887 Chat With Sales           Chat With Support           Call Us At   US IND UK CAN AUS  +1-855-223-4887 Chat With Sales           Chat With Support           Call Us At   US IND UK CAN AUS  +1-855-223-4887 Get Support Self Care Portal Accounting Solutions  Solu,1. SaaS/Websites with an actual business behind them
globalapptesting.com,Global App Testing,,This website stores cookies on your computer. These cookies are used to improve our website and provide personalized services. To find out more see our Privacy Policy. How we help Platform Pricing Resources Does my software work? Does it work for all users? Global Growth Toolbox Industries Execute scripted test cases Run exploratory tests Improve release speed Reduce bugs in production Scale your QA capacity Automation first? We can help Compatibility test across devices Accessibility testing Us,The website "Global App Testing" fits into category 1: SaaS/Websites with an actual business behind them.
cleverads.com,None,None,None,None
scanova.io,Easy-to-use QR Code solutions for businesses | Scanova,See how Scanova simplifies QR Code creation, customization, and management for marketing and operations. Get started by signing up for a free trial today.,Free QR Code Generator Features 

















 Dynamic QR Codes

 Custom QR Codes



 QR Code Tracking & Analytics















 Engaging QR Code Content









 AI-designed QR Codes















 QR Code Frames

 Mobile Landing Page Design



 High-resolution QR Codes


 Lead Generation








 Enterprise Features











 QR Code APIs













 Transparent QR CodesSee All Features Dynamic QR Codes Custom QR Codes QR Code Tracking & Analytics Engaging QR Code Content AI-design,The website can be classified into category 1: SaaS/Websites with an actual business behind them.
softwarekeep.com,None,None,None,None
growthcollective.com,None,None,None,None
coderpad.io,None,None,None,None
skillsuccess.com,None,None,None,None
litcommerce.com,None,None,None,None
the-blogsmith.com,None,None,None,None
invitereferrals.com,Best Referral Software | Referral Program | InviteReferrals,No Description,,This website should be classified as: **1. SaaS/Websites with an actual business behind them**.
luzmo.com,Luzmo - Customer-Facing Analytics for SaaS platforms,Embed beautiful, easy-to-use dashboards in your SaaS product in days, not months. Take your product users from data to decisions, fast.,StartFrom Zero to Hero in reporting. In days. ScaleUpgrade your analytics experience. Hassle-free. SuperchargeNext level analytics. Made easy. HR Healthcare MarTech Proptech Retail and E-commerce Supply chain and logistics Sustainability and GreenTech Embedded AnalyticsTailored dashboards with minimal effort Embedded Dashboard EditorSelf-service interface for end-users Luzmo FlexBuild innovative data experiences Luzmo AIIntelligent analytics for everyone Data¬†Connectors Feature releases Roadmap ,1. SaaS/Websites with an actual business behind them
